Name,Surname,Tel,Email,Department,photo
John,Doe,51234567,jd@gmail.com,IT,https://www.eharmony.com/blog/wp-content/uploads/2010/04/eHarmony-Blog-profile-picture.jpg
Friar,Tuck,52345678,ft@gmail.com,Finance,https://otvet.imgsmail.ru/download/83231530_85c2b7d58a4980b6bd11c50adb3236d5_800.jpg
Dimi,Berbatov,53456789,db@gmail.com,Finance,https://i.imgur.com/dJ7EVQV.jpg
Sam,Allardyce,54567891,sa@gmail.com,QA,http://i0.kym-cdn.com/photos/images/original/001/287/960/174.jpg
Robin,Hood,55678912,rh@gmail.com,HR,https://upload.wikimedia.org/wikipedia/commons/7/7c/Profile_avatar_placeholder_large.png
Steven,Davis,56789123,sd@gmail.com,Drupal,https://upload.wikimedia.org/wikipedia/commons/7/7c/Profile_avatar_placeholder_large.png
Derex,Cite,57891234,dc@gmail.com,Symphony,https://upload.wikimedia.org/wikipedia/commons/7/7c/Profile_avatar_placeholder_large.png
Lucien,Biello,58912345,lb@gmail.com,R&D,http://i0.kym-cdn.com/photos/images/original/001/287/960/174.jpg
Bryan,White,59123456,bw@gmail.com,Drupal,http://i0.kym-cdn.com/photos/images/original/001/287/960/174.jpg
Lucas,White,51134567,lw@gmail.com,QA,http://i0.kym-cdn.com/photos/images/original/001/287/960/174.jpg
Lucas,Moura,51145678,lm@gmail.com,IT,http://i0.kym-cdn.com/photos/images/original/001/287/960/174.jpg
Jane,Doe,51156789,jad@gmail.com,HR,http://i0.kym-cdn.com/photos/images/original/001/287/960/174.jpg
